log_file,job_id,mode,encoder,surface,train_fwd_bwd_mean,train_fwd_bwd_std,train_fwd_bwd_n,train_fwd_bwd_total,train_per_protein_mean,train_per_protein_std,train_per_protein_n,train_per_protein_total,batch_size_mean,batch_size_std,batch_size_n,batch_size_total,mesh_processing_mean,mesh_processing_std,mesh_processing_n,mesh_processing_total,compute_operators_mean,compute_operators_std,compute_operators_n,compute_operators_total,geom_feats_mean,geom_feats_std,geom_feats_n,geom_feats_total,sbl_alpha_complex_mean,sbl_alpha_complex_std,sbl_alpha_complex_n,sbl_alpha_complex_total,DSSP_mean,DSSP_std,DSSP_n,DSSP_total,PDBParser_mean,PDBParser_std,PDBParser_n,PDBParser_total
pinder_h100_1014908.out,1014908,onfly,,,0.4361,0.1688,500,218.05,,,,,,,,,0.0127,0.0246,8020,101.48,0.1967,0.2132,7501,1475.69,0.0317,0.0372,7500,237.5,0.0301,0.0376,8020,241.7,0.0138,0.0054,8023,110.46,0.023,0.058,8021,184.63
pinder_h100_1015283.out,1015283,onfly,,,0.4314,0.1939,200,86.28,,,,,,,,,0.0107,0.01,3196,34.16,0.3329,0.3348,2946,980.62,0.0474,0.0438,2945,139.5,,,,,0.0157,0.0013,3210,50.46,0.0221,0.0558,3210,70.92
pinder_h100_1020637.out,1020637,onfly,,,0.4621,0.1725,2600,1201.55,,,,,,,,,0.0129,0.0253,41671,535.77,0.1983,0.2215,38902,7712.55,0.0319,0.0387,38902,1241.57,0.0308,0.0385,41670,1282.99,0.017,0.0054,41683,709.12,0.0237,0.06,41683,986.27
pinder_h100_1020786.out,1020786,onfly,,,0.4429,0.1827,1400,620.1,,,,,,,,,0.0116,0.0113,22356,259.28,0.352,0.3452,20618,7257.47,0.0498,0.0466,20620,1026.27,,,,,0.0171,0.0075,22444,384.3,0.0234,0.0604,22444,525.73
pinder_h100_1071645.out,1071645,onfly,pronet_gvpencoder,alpha_complex,0.4536,0.1854,600,272.16,0.0531,0.028,600,31.86,,,,,0.0143,0.0244,9771,139.68,0.2157,0.2397,9158,1975.74,0.0341,0.0419,9159,312.16,0.0338,0.0445,9770,330.4,0.0326,0.0074,9771,318.33,0.0268,0.0662,9772,262.18
pinder_h100_1071655.out,1071655,onfly,,,0.4728,0.2228,400,189.13,0.0576,0.0472,400,23.04,,,,,0.0125,0.0134,6369,79.4,0.3644,0.3631,5881,2143.3,0.05,0.0469,5883,294.05,,,,,0.0368,0.0062,6389,234.92,0.0242,0.0622,6387,154.36
pinder_h100_1072004.out,1072004,onfly,,,0.4433,0.1646,500,221.66,0.0519,0.0265,500,25.96,,,,,0.0127,0.0261,8111,103.39,0.1923,0.2101,7588,1458.79,0.0316,0.0369,7589,240.15,0.0312,0.0391,8110,253.36,0.0377,0.0049,8111,305.39,0.0245,0.0636,8108,198.27
pinder_h100_1076990.out,1076990,onfly,,,0.4646,0.1153,100,46.46,0.0543,0.0206,100,5.43,,,,,0.012,0.0117,1616,19.46,0.3553,0.3613,1500,532.97,0.0484,0.0421,1500,72.57,,,,,0.0354,0.0049,1616,57.17,0.0235,0.0605,1616,37.99
pinder_h100_1076997.out,1076997,onfly,,,0.4394,0.1874,200,87.89,0.0521,0.0331,200,10.43,,,,,0.0122,0.0224,3326,40.55,0.1894,0.2058,3130,592.69,0.0308,0.0354,3131,96.54,0.0308,0.0374,3325,102.33,0.0326,0.004,3325,108.35,0.0241,0.0627,3326,80.19
pinder_h100_1077577.out,1077577,onfly,,,0.4429,0.1646,500,221.45,0.0518,0.0262,500,25.92,,,,,0.013,0.026,8160,105.69,0.1925,0.2092,7634,1469.23,0.0317,0.0369,7634,241.96,0.0316,0.0398,8161,257.84,0.0373,0.0062,8161,304.29,0.0248,0.0643,8155,202.37
pinder_h100_1078629.out,1078629,onfly,,,0.4483,0.1641,400,179.32,0.0525,0.0285,400,21.01,,,,,0.0137,0.0301,6590,90.53,0.1997,0.2131,6186,1235.13,0.0319,0.0372,6188,197.65,0.0316,0.0394,6590,208.4,0.0342,0.0061,6588,225.54,0.0235,0.0595,6586,154.83
pinder_h100_1078963.out,1078963,onfly,pronet_gvpencoder,alpha_complex,0.4468,0.1832,600,268.07,0.0524,0.0281,600,31.42,4.625,1.5003,600,2775.0,0.013,0.0262,9814,127.19,0.1953,0.2112,9193,1794.98,0.0315,0.0372,9192,289.21,0.0312,0.0384,9813,306.6,0.0363,0.0057,9813,356.38,0.0239,0.0612,9807,234.16
pinder_h100_1079140.out,1079140,onfly,pronet_gvpencoder,alpha_complex,0.4865,0.2292,600,291.91,0.0589,0.0423,600,35.35,4.5083,1.4843,600,2705.0,0.0124,0.0141,9505,117.9,0.3615,0.4023,8775,3172.54,0.0499,0.0469,8775,437.59,,,,,0.0372,0.006,9538,354.37,0.0248,0.0659,9537,236.91
pinder_h100_1079983.out,1079983,onfly,pronet_gvpencoder,alpha_complex,0.4864,0.1874,3494,1699.35,0.0573,0.0298,3494,200.19,4.5564,1.4233,3494,15920.0,0.013,0.0141,55825,728.05,0.3728,0.3792,51575,19224.92,0.0518,0.049,51573,2668.97,,,,,0.0386,0.008,56042,2164.72,0.0255,0.0678,56042,1428.64
pinder_h100_1079985.out,1079985,onfly,pronet_gvpencoder,alpha_complex,0.4571,0.1716,3497,1598.59,0.0528,0.0254,3497,184.7,4.6365,1.4262,3497,16214.0,0.0133,0.0265,56153,747.85,0.2011,0.2289,52449,10548.99,0.0327,0.0402,52453,1714.37,0.0323,0.041,56153,1812.48,0.039,0.0067,56168,2192.58,0.0248,0.0644,56170,1395.62
pinder_h100_1082480.out,1082480,onfly,pronet_gvpencoder,alpha_complex,0.5735,0.2018,2100,1204.42,0.0358,0.0126,2100,75.28,8.0,0.0,2100,16800.0,0.0129,0.0293,64200,831.19,0.1883,0.2349,60256,11343.84,0.0315,0.0401,60255,1898.21,0.0309,0.0419,64198,1983.53,0.0684,0.0367,64220,4390.39,0.0233,0.0636,64217,1498.65
pinder_h100_1082488.out,1082488,onfly,pronet_gvpencoder,alpha_complex,0.5998,0.2226,3500,2099.3,0.0375,0.0139,3500,131.21,8.0,0.0,3500,28000.0,0.0124,0.0139,108278,1347.63,0.3485,0.4036,100655,35075.98,0.0484,0.0471,100654,4870.63,,,,,0.0487,0.0266,108822,5299.12,0.0236,0.0663,108820,2570.49
pinder_h100_1271773.out,1271773,disk,,,0.5169,0.1908,2300,1188.87,0.0323,0.0119,2300,74.3,8.0,0.0,2300,18400.0,,,,,,,,,,,,,,,,,,,,,,,,
pinder_h100_1271774.out,1271774,disk,,,0.5272,0.1929,2300,1212.63,0.033,0.0121,2300,75.79,8.0,0.0,2300,18400.0,,,,,,,,,,,,,,,,,,,,,,,,
pinder_h100_1271775.out,1271775,disk,pronet_gvpencoder,nanoshaper_1.0_gs0.4,0.5446,0.1838,2100,1143.62,0.034,0.0115,2100,71.48,8.0,0.0,2100,16800.0,,,,,,,,,,,,,,,,,,,,,,,,
pinder_h100_1271776.out,1271776,disk,pronet_gvpencoder,nanoshaper_1.0_gs0.5,0.5961,0.2124,1200,715.34,0.0373,0.0133,1200,44.71,8.0,0.0,1200,9600.0,,,,,,,,,,,,,,,,,,,,,,,,
pinder_h100_1271777.out,1271777,disk,,,0.5033,0.1714,2300,1157.6,0.0315,0.0107,2300,72.35,8.0,0.0,2300,18400.0,,,,,,,,,,,,,,,,,,,,,,,,
pinder_h100_1271875.out,1271875,disk,pronet_gvpencoder,edtsurf_1.0_gs0.3,0.5008,0.1843,3500,1752.9,0.0313,0.0115,3500,109.56,8.0,0.0,3500,28000.0,,,,,,,,,,,,,,,,,,,,,,,,
pinder_h100_1271876.out,1271876,disk,pronet_gvpencoder,edtsurf_1.0_gs0.4,0.5323,0.1957,3500,1863.01,0.0333,0.0122,3500,116.44,8.0,0.0,3500,28000.0,,,,,,,,,,,,,,,,,,,,,,,,
pinder_h100_1271877.out,1271877,disk,pronet_gvpencoder,nanoshaper_1.0_gs0.4,0.5563,0.1842,2100,1168.22,0.0348,0.0115,2100,73.01,8.0,0.0,2100,16800.0,,,,,,,,,,,,,,,,,,,,,,,,
pinder_h100_1271878.out,1271878,disk,pronet_gvpencoder,nanoshaper_1.0_gs0.5,0.6209,0.2154,1200,745.06,0.0388,0.0135,1200,46.57,8.0,0.0,1200,9600.0,,,,,,,,,,,,,,,,,,,,,,,,
pinder_h100_1271884.out,1271884,disk,pronet_gvpencoder,msms_0.1,0.5143,0.1745,3600,1851.38,0.0321,0.0109,3600,115.71,8.0,0.0,3600,28800.0,,,,,,,,,,,,,,,,,,,,,,,,
pinder_h100_1271890.out,1271890,disk,pronet_gvpencoder,edtsurf_1.0_gs0.5,0.5437,0.207,3500,1902.99,0.034,0.0129,3500,118.94,8.0,0.0,3500,28000.0,,,,,,,,,,,,,,,,,,,,,,,,
pinder_h100_1271891.out,1271891,disk,pronet_gvpencoder,alpha_complex_1.0_a0,0.5152,0.1879,2100,1081.99,0.0322,0.0117,2100,67.62,8.0,0.0,2100,16800.0,,,,,,,,,,,,,,,,,,,,,,,,
pinder_h100_1271893.out,1271893,disk,pronet_gvpencoder,edtsurf_1.0_gs0.3,0.5118,0.186,3500,1791.41,0.032,0.0116,3500,111.96,8.0,0.0,3500,28000.0,,,,,,,,,,,,,,,,,,,,,,,,
pinder_h100_1271894.out,1271894,disk,pronet_gvpencoder,edtsurf_1.0_gs0.4,0.5416,0.2034,3500,1895.46,0.0338,0.0127,3500,118.47,8.0,0.0,3500,28000.0,,,,,,,,,,,,,,,,,,,,,,,,
pinder_h100_1271895.out,1271895,disk,pronet_gvpencoder,nanoshaper_1.0_gs0.4,0.5358,0.1413,100,53.58,0.0335,0.0088,100,3.35,8.0,0.0,100,800.0,,,,,,,,,,,,,,,,,,,,,,,,
pinder_h100_1271897.out,1271897,disk,pronet_gvpencoder,edtsurf_1.0_gs0.5,0.5586,0.2107,3500,1955.0,0.0349,0.0132,3500,122.19,8.0,0.0,3500,28000.0,,,,,,,,,,,,,,,,,,,,,,,,
pinder_h100_1271898.out,1271898,disk,pronet_gvpencoder,alpha_complex_1.0_a0,0.5299,0.1912,2100,1112.76,0.0331,0.0119,2100,69.55,8.0,0.0,2100,16800.0,,,,,,,,,,,,,,,,,,,,,,,,
pinder_h100_1272446.out,1272446,disk,,,0.5577,0.2148,400,223.09,0.0349,0.0134,400,13.94,8.0,0.0,400,3200.0,,,,,,,,,,,,,,,,,,,,,,,,
pinder_h100_1272456.out,1272456,disk,pronet_gvpencoder,nanoshaper_1.0_gs0.4,0.5683,0.1858,2100,1193.36,0.0355,0.0116,2100,74.59,8.0,0.0,2100,16800.0,,,,,,,,,,,,,,,,,,,,,,,,
pinder_h100_1272457.out,1272457,disk,pronet_gvpencoder,nanoshaper_1.0_gs0.5,0.5863,0.1518,100,58.63,0.0366,0.0095,100,3.66,8.0,0.0,100,800.0,,,,,,,,,,,,,,,,,,,,,,,,
pinder_h100_1290762.out,1290762,onfly,pronet_gvpencoder,alpha_complex,,,,,,,,,,,,,0.0115,0.0248,2641050,30435.2,0.202,0.2024,2482410,501507.19,0.0342,0.0366,2482410,84807.86,0.0294,0.0342,2641050,77726.43,0.0035,0.0036,2642040,9339.83,0.0233,0.0608,2642040,61553.53
pinder_h100_1755013.out,1755013,onfly,pronet_gvpencoder,alpha_complex,,,,,,,,,,,,,0.0117,0.0256,2641050,30909.96,0.205,0.2055,2482410,508888.77,0.0346,0.0372,2482410,85768.95,0.03,0.035,2641050,79172.35,0.0037,0.0037,2642040,9760.39,0.024,0.0638,2642040,63446.99
pinder_h100_888120.out,888120,onfly,,,0.4532,0.1827,300,135.96,,,,,,,,,0.0112,0.0112,4812,54.05,0.351,0.3627,4427,1553.79,0.0495,0.0458,4427,219.24,,,,,0.0173,0.0014,4830,83.72,0.0226,0.0604,4830,109.16
pinder_h100_888121.out,888121,onfly,,,0.4319,0.1668,700,302.33,,,,,,,,,0.0125,0.0247,11300,141.36,0.1922,0.2102,10569,2030.84,0.0316,0.0376,10570,334.07,0.0312,0.0389,11300,352.71,0.0176,0.0075,11299,199.31,0.0236,0.0604,11299,266.27
